ref_x,ref_y,ref_theta,ref_curve
456589.0582,4425344.5984,1.6096,0.0034
456589.0503,4425344.7996,1.6103,0.0034
456589.0423,4425345.0007,1.6110,0.0033
456589.0341,4425345.2018,1.6116,0.0033
456589.0259,4425345.4028,1.6123,0.0031
456589.0175,4425345.6037,1.6129,0.0030
456589.0089,4425345.8046,1.6135,0.0028
456589.0003,4425346.0054,1.6140,0.0026
456588.9916,4425346.2061,1.6145,0.0023
456588.9828,4425346.4068,1.6150,0.0021
456588.9738,4425346.6074,1.6153,0.0018
456588.9649,4425346.8080,1.6157,0.0015
456588.9558,4425347.0085,1.6159,0.0011
456588.9468,4425347.2089,1.6161,0.0008
456588.9377,4425347.4093,1.6162,0.0004
456588.9285,4425347.6096,1.6163,0.0000
456588.9194,4425347.8098,1.6163,-0.0004
456588.9103,4425348.0100,1.6161,-0.0008
456588.9013,4425348.2101,1.6160,-0.0012
456588.8923,4425348.4102,1.6157,-0.0016
456588.8833,4425348.6102,1.6153,-0.0020
456588.8745,4425348.8101,1.6149,-0.0025
456588.8657,4425349.0100,1.6143,-0.0029
456588.8571,4425349.2099,1.6137,-0.0034
456588.8486,4425349.4096,1.6130,-0.0038
456588.8402,4425349.6093,1.6122,-0.0042
456588.8320,4425349.8090,1.6113,-0.0047
456588.8240,4425350.0086,1.6103,-0.0051
456588.8163,4425350.2081,1.6092,-0.0055
456588.8087,4425350.4076,1.6081,-0.0060
456588.8014,4425350.6071,1.6069,-0.0064
456588.7943,4425350.8064,1.6055,-0.0068
456588.7875,4425351.0058,1.6042,-0.0071
456588.7811,4425351.2150,1.6026,-0.0066
456588.7749,4425351.4156,1.6013,-0.0067
456588.7689,4425351.6163,1.5999,-0.0069
456588.7630,4425351.8313,1.5992,-0.0055
456588.7574,4425352.0334,1.5981,-0.0054
456588.7520,4425352.2356,1.5970,-0.0053
456588.7468,4425352.4377,1.5959,-0.0052
456588.7418,4425352.6400,1.5949,-0.0051
456588.7370,4425352.8422,1.5939,-0.0050
456588.7325,4425353.0445,1.5929,-0.0048
456588.7281,4425353.2468,1.5919,-0.0047
456588.7239,4425353.4491,1.5910,-0.0046
456588.7199,4425353.6514,1.5901,-0.0044
456588.7161,4425353.8538,1.5892,-0.0043
456588.7125,4425354.0561,1.5883,-0.0042
456588.7090,4425354.2586,1.5875,-0.0040
456588.7057,4425354.4610,1.5867,-0.0039
456588.7025,4425354.6634,1.5859,-0.0037
456588.6996,4425354.8659,1.5852,-0.0036
456588.6967,4425355.0684,1.5845,-0.0034
456588.6940,4425355.2709,1.5838,-0.0033
456588.6914,4425355.4735,1.5832,-0.0031
456588.6890,4425355.6760,1.5826,-0.0029
456588.6867,4425355.8786,1.5820,-0.0028
456588.6845,4425356.0812,1.5814,-0.0026
456588.6824,4425356.2839,1.5809,-0.0025
456588.6804,4425356.4865,1.5804,-0.0023
456588.6784,4425356.6892,1.5800,-0.0021
456588.6766,4425356.8919,1.5796,-0.0020
456588.6749,4425357.0946,1.5792,-0.0018
456588.6732,4425357.2973,1.5788,-0.0016
456588.6716,4425357.5001,1.5785,-0.0015
456588.6701,4425357.7029,1.5782,-0.0013
456588.6686,4425357.9057,1.5780,-0.0012
456588.6672,4425358.1085,1.5778,-0.0010
456588.6658,4425358.3113,1.5776,-0.0009
456588.6644,4425358.5142,1.5774,-0.0007
456588.6631,4425358.7171,1.5773,-0.0006
456588.6618,4425358.9200,1.5772,-0.0004
456588.6605,4425359.1229,1.5771,-0.0003
456588.6592,4425359.3258,1.5771,-0.0001
456588.6580,4425359.5288,1.5771,0.0000
456588.6567,4425359.7317,1.5771,0.0001
456588.6554,4425359.9347,1.5771,0.0003
456588.6541,4425360.1377,1.5772,0.0004
456588.6528,4425360.3408,1.5773,0.0005
456588.6515,4425360.5438,1.5774,0.0006
456588.6502,4425360.7469,1.5775,0.0007
456588.6488,4425360.9499,1.5777,0.0008
456588.6474,4425361.1530,1.5778,0.0009
456588.6459,4425361.3562,1.5780,0.0010
456588.6451,4425361.4397,1.5782,0.0009
456588.6436,4425361.6402,1.5784,0.0010
456588.6428,4425361.7159,1.5785,0.0007
456588.6413,4425361.9139,1.5786,0.0007
456588.6397,4425362.1118,1.5787,0.0007
456588.6381,4425362.3097,1.5789,0.0007
456588.6365,4425362.5076,1.5790,0.0007
456588.6349,4425362.7055,1.5791,0.0007
456588.6332,4425362.9034,1.5793,0.0007
456588.6315,4425363.1013,1.5794,0.0006
456588.6298,4425363.2993,1.5795,0.0006
456588.6281,4425363.4972,1.5797,0.0006
456588.6263,4425363.6951,1.5798,0.0006
456588.6245,4425363.8930,1.5799,0.0006
456588.6227,4425364.0909,1.5800,0.0006
456588.6209,4425364.2888,1.5801,0.0005
456588.6190,4425364.4867,1.5802,0.0005
456588.6172,4425364.6847,1.5803,0.0005
456588.6153,4425364.8826,1.5804,0.0005
456588.6134,4425365.0805,1.5805,0.0005
456588.6114,4425365.2784,1.5806,0.0004
456588.6095,4425365.4763,1.5807,0.0004
456588.6075,4425365.6742,1.5808,0.0004
456588.6055,4425365.8722,1.5808,0.0004
456588.6035,4425366.0701,1.5809,0.0004
456588.6015,4425366.2680,1.5810,0.0003
456588.5995,4425366.4659,1.5810,0.0003
456588.5975,4425366.6638,1.5811,0.0003
456588.5954,4425366.8617,1.5812,0.0003
456588.5934,4425367.0597,1.5812,0.0003
456588.5913,4425367.2576,1.5813,0.0002
456588.5892,4425367.4555,1.5813,0.0002
456588.5871,4425367.6534,1.5814,0.0002
456588.5850,4425367.8513,1.5814,0.0002
456588.5829,4425368.0492,1.5814,0.0002
456588.5808,4425368.2472,1.5815,0.0001
456588.5787,4425368.4451,1.5815,0.0001
456588.5766,4425368.6430,1.5815,0.0001
456588.5745,4425368.8409,1.5815,0.0001
456588.5724,4425369.0388,1.5815,0.0001
456588.5702,4425369.2368,1.5815,0.0000
456588.5681,4425369.4347,1.5815,0.0000
456588.5660,4425369.6326,1.5816,0.0000
456588.5638,4425369.8305,1.5816,-0.0000
456588.5617,4425370.0284,1.5815,-0.0000
456588.5596,4425370.2264,1.5815,-0.0000
456588.5575,4425370.4243,1.5815,-0.0001
456588.5553,4425370.6222,1.5815,-0.0001
456588.5532,4425370.8201,1.5815,-0.0001
456588.5511,4425371.0180,1.5815,-0.0001
456588.5490,4425371.2160,1.5815,-0.0001
456588.5469,4425371.4139,1.5814,-0.0001
456588.5459,4425371.5188,1.5814,-0.0001
456588.5448,4425371.6253,1.5814,-0.0001
456588.5427,4425371.8247,1.5814,-0.0001
456588.5406,4425372.0241,1.5814,-0.0001
456588.5385,4425372.2236,1.5814,-0.0001
456588.5364,4425372.4230,1.5813,-0.0001
456588.5343,4425372.6224,1.5813,-0.0001
456588.5322,4425372.8218,1.5813,-0.0001
456588.5301,4425373.0212,1.5813,-0.0001
456588.5280,4425373.2207,1.5813,-0.0001
456588.5259,4425373.4201,1.5813,-0.0001
456588.5238,4425373.6195,1.5813,-0.0001
456588.5217,4425373.8189,1.5813,-0.0001
456588.5196,4425374.0183,1.5812,-0.0001
456588.5176,4425374.2178,1.5812,-0.0001
456588.5155,4425374.4172,1.5812,-0.0001
456588.5134,4425374.6166,1.5812,-0.0001
456588.5113,4425374.8160,1.5812,-0.0001
456588.5093,4425375.0154,1.5812,-0.0001
456588.5072,4425375.2149,1.5812,-0.0000
456588.5051,4425375.4143,1.5812,-0.0000
456588.5030,4425375.6137,1.5812,-0.0000
456588.5010,4425375.8131,1.5811,-0.0000
456588.4989,4425376.0125,1.5811,-0.0000
456588.4969,4425376.2120,1.5811,-0.0000
456588.4948,4425376.4114,1.5811,-0.0000
456588.4927,4425376.6108,1.5811,-0.0000
456588.4907,4425376.8102,1.5811,-0.0000
456588.4886,4425377.0097,1.5811,-0.0000
456588.4866,4425377.2091,1.5811,-0.0000
456588.4845,4425377.4085,1.5811,-0.0000
456588.4825,4425377.6079,1.5811,-0.0000
456588.4804,4425377.8073,1.5811,-0.0000
456588.4784,4425378.0068,1.5811,-0.0000
456588.4763,4425378.2062,1.5811,-0.0000
456588.4743,4425378.4056,1.5811,-0.0000
456588.4722,4425378.6050,1.5811,-0.0000
456588.4702,4425378.8044,1.5811,-0.0000
456588.4681,4425379.0039,1.5811,-0.0000
456588.4661,4425379.2033,1.5811,-0.0000
456588.4640,4425379.4027,1.5811,-0.0000
456588.4620,4425379.6021,1.5811,-0.0000
456588.4599,4425379.8015,1.5810,-0.0000
456588.4579,4425380.0010,1.5810,-0.0000
456588.4559,4425380.2004,1.5810,-0.0000
456588.4538,4425380.3998,1.5810,-0.0000
456588.4518,4425380.5992,1.5810,-0.0000
456588.4497,4425380.7986,1.5810,0.0000
456588.4477,4425380.9981,1.5810,0.0000
456588.4456,4425381.1975,1.5810,0.0000
456588.4436,4425381.3969,1.5810,0.0000
456588.4426,4425381.4983,1.5811,0.0000
456588.4395,4425381.7999,1.5811,0.0000
456588.4374,4425381.9997,1.5811,0.0000
456588.4354,4425382.1996,1.5811,0.0000
456588.4333,4425382.3994,1.5811,0.0000
456588.4313,4425382.5992,1.5811,0.0000
456588.4292,4425382.7991,1.5811,0.0000
456588.4272,4425382.9989,1.5811,0.0000
456588.4251,4425383.1987,1.5811,0.0000
456588.4231,4425383.3986,1.5811,0.0000
456588.4210,4425383.5984,1.5811,0.0000
456588.4190,4425383.7982,1.5811,0.0000
456588.4169,4425383.9981,1.5811,0.0000
456588.4149,4425384.1979,1.5811,0.0000
456588.4128,4425384.3977,1.5811,0.0000
456588.4108,4425384.5976,1.5811,0.0000
456588.4087,4425384.7974,1.5811,0.0000
456588.4067,4425384.9972,1.5811,0.0000
456588.4046,4425385.1971,1.5811,0.0000
456588.4026,4425385.3969,1.5811,0.0000
456588.4005,4425385.5967,1.5811,0.0000
456588.3985,4425385.7966,1.5811,0.0000
456588.3964,4425385.9964,1.5811,0.0000
456588.3944,4425386.1962,1.5811,0.0000
456588.3923,4425386.3961,1.5811,0.0000
456588.3903,4425386.5959,1.5811,0.0000
456588.3882,4425386.7957,1.5811,0.0000
456588.3862,4425386.9956,1.5811,0.0000
456588.3841,4425387.1954,1.5811,0.0000
456588.3821,4425387.3952,1.5811,0.0000
456588.3800,4425387.5951,1.5811,0.0000
456588.3780,4425387.7949,1.5811,0.0000
456588.3759,4425387.9947,1.5811,0.0000
456588.3739,4425388.1946,1.5811,0.0000
456588.3718,4425388.3944,1.5811,0.0000
456588.3698,4425388.5942,1.5811,0.0000
456588.3677,4425388.7941,1.5811,0.0000
456588.3657,4425388.9939,1.5811,0.0000
456588.3636,4425389.1937,1.5811,0.0000
456588.3616,4425389.3936,1.5811,0.0000
456588.3595,4425389.5934,1.5811,0.0000
456588.3575,4425389.7932,1.5811,0.0000
456588.3554,4425389.9931,1.5811,0.0000
456588.3534,4425390.1929,1.5811,0.0000
456588.3513,4425390.3927,1.5811,0.0000
456588.3493,4425390.5926,1.5811,0.0000
456588.3472,4425390.7924,1.5811,0.0000
456588.3452,4425390.9922,1.5811,0.0000
456588.3431,4425391.1921,1.5811,0.0000
456588.3411,4425391.3919,1.5811,0.0000
456588.3363,4425391.8468,1.5806,-0.0011
456588.3311,4425392.3727,1.5795,-0.0031
456588.3289,4425392.6396,1.5786,-0.0040
456588.3270,4425392.9024,1.5774,-0.0051
456588.3255,4425393.1613,1.5759,-0.0063
456588.3244,4425393.4162,1.5741,-0.0077
456588.3238,4425393.6671,1.5720,-0.0093
456588.3238,4425393.9139,1.5695,-0.0110
456588.3245,4425394.1567,1.5666,-0.0129
456588.3259,4425394.3954,1.5632,-0.0151
456588.3281,4425394.6300,1.5594,-0.0174
456588.3312,4425394.8605,1.5551,-0.0201
456588.3353,4425395.0869,1.5502,-0.0229
456588.3405,4425395.3092,1.5448,-0.0261
456588.3468,4425395.5273,1.5387,-0.0296
456588.3544,4425395.7413,1.5320,-0.0334
456588.3633,4425395.9511,1.5245,-0.0376
456588.3736,4425396.1566,1.5163,-0.0422
456588.3855,4425396.3580,1.5073,-0.0473
456588.3990,4425396.5551,1.4974,-0.0528
456588.4142,4425396.7479,1.4866,-0.0589
456588.4312,4425396.9364,1.4749,-0.0656
456588.4501,4425397.1207,1.4621,-0.0728
456588.4710,4425397.3006,1.4481,-0.0808
456588.4940,4425397.4762,1.4331,-0.0895
456588.5191,4425397.6474,1.4168,-0.0990
456588.5465,4425397.8142,1.3992,-0.1094
456588.5762,4425397.9766,1.3802,-0.1206
456588.6083,4425398.1346,1.3598,-0.1329
456588.6429,4425398.2882,1.3379,-0.1461
456588.6801,4425398.4373,1.3143,-0.1604
456588.7200,4425398.5819,1.2891,-0.1758
456588.7626,4425398.7221,1.2622,-0.1922
456588.8079,4425398.8577,1.2335,-0.2096
456588.8562,4425398.9888,1.2029,-0.2281
456588.9073,4425399.1154,1.1705,-0.2474
456588.9614,4425399.2374,1.1361,-0.2674
456589.0185,4425399.3549,1.0999,-0.2879
456589.0786,4425399.4677,1.0618,-0.3086
456589.1419,4425399.5760,1.0218,-0.3292
456589.2083,4425399.6796,0.9800,-0.3494
456589.2779,4425399.7787,0.9365,-0.3688
456589.3506,4425399.8731,0.8915,-0.3868
456589.4266,4425399.9628,0.8450,-0.4031
456589.5058,4425400.0479,0.7973,-0.4171
456589.5883,4425400.1284,0.7486,-0.4284
456589.6740,4425400.2042,0.6990,-0.4367
456589.7630,4425400.2753,0.6490,-0.4416
456589.8553,4425400.3417,0.5986,-0.4431
456589.9509,4425400.4034,0.5483,-0.4411
456590.0498,4425400.4605,0.4982,-0.4357
456589.9324,4425400.2662,0.3949,-0.3695
456590.0139,4425400.2986,0.3644,-0.3259
456590.0996,4425400.3299,0.3365,-0.2878
456590.1895,4425400.3601,0.3108,-0.2546
456590.2835,4425400.3890,0.2872,-0.2255
456590.3817,4425400.4169,0.2656,-0.2002
456590.4841,4425400.4436,0.2456,-0.1780
456590.5906,4425400.4692,0.2272,-0.1586
456590.7012,4425400.4938,0.2102,-0.1415
456590.8159,4425400.5173,0.1945,-0.1265
456590.9347,4425400.5398,0.1801,-0.1132
456591.0576,4425400.5613,0.1667,-0.1015
456591.1845,4425400.5819,0.1543,-0.0911
456591.3154,4425400.6014,0.1429,-0.0819
456591.4504,4425400.6201,0.1323,-0.0737
456591.5893,4425400.6379,0.1225,-0.0664
456591.7322,4425400.6548,0.1134,-0.0599
456591.8791,4425400.6709,0.1050,-0.0540
456592.0299,4425400.6862,0.0973,-0.0488
456592.1846,4425400.7008,0.0901,-0.0440
456592.3433,4425400.7145,0.0834,-0.0398
456592.5057,4425400.7276,0.0772,-0.0359
456592.6721,4425400.7400,0.0715,-0.0325
456592.8422,4425400.7517,0.0663,-0.0293
456593.0162,4425400.7628,0.0614,-0.0265
456593.1940,4425400.7734,0.0569,-0.0239
456593.3755,4425400.7833,0.0528,-0.0215
456593.5608,4425400.7928,0.0490,-0.0194
456593.7498,4425400.8017,0.0456,-0.0174
456593.9425,4425400.8102,0.0424,-0.0156
456594.1388,4425400.8182,0.0395,-0.0140
456594.3389,4425400.8258,0.0368,-0.0125
456594.5425,4425400.8331,0.0344,-0.0112
456594.7498,4425400.8400,0.0322,-0.0099
456594.9607,4425400.8466,0.0303,-0.0088
456595.1752,4425400.8529,0.0285,-0.0077
456595.3932,4425400.8589,0.0269,-0.0068
456595.6148,4425400.8647,0.0255,-0.0059
456595.8399,4425400.8703,0.0242,-0.0051
456596.0685,4425400.8757,0.0232,-0.0044
456596.3006,4425400.8810,0.0222,-0.0038
456596.5361,4425400.8861,0.0214,-0.0032
456596.7751,4425400.8911,0.0207,-0.0026
456597.0175,4425400.8961,0.0201,-0.0021
456597.2634,4425400.9010,0.0197,-0.0017
456597.5126,4425400.9058,0.0193,-0.0013
456597.7653,4425400.9107,0.0190,-0.0009
456598.0213,4425400.9155,0.0188,-0.0006
456598.4405,4425400.9096,0.0036,-0.0115
456598.5719,4425400.9120,0.0036,-0.0114
456598.8610,4425400.8950,-0.0178,-0.0257
456599.1157,4425400.8896,-0.0247,-0.0293
456599.3644,4425400.8825,-0.0325,-0.0333
456599.6071,4425400.8736,-0.0411,-0.0379
456599.8439,4425400.8628,-0.0507,-0.0432
456600.0746,4425400.8498,-0.0614,-0.0491
456600.2993,4425400.8347,-0.0732,-0.0558
456600.5181,4425400.8173,-0.0862,-0.0634
456600.7308,4425400.7974,-0.1007,-0.0719
456600.9376,4425400.7749,-0.1166,-0.0814
456601.1384,4425400.7496,-0.1341,-0.0921
456601.3332,4425400.7214,-0.1534,-0.1039
456601.5221,4425400.6902,-0.1745,-0.1170
456601.7050,4425400.6558,-0.1976,-0.1315
456601.8820,4425400.6181,-0.2228,-0.1473
456602.0532,4425400.5769,-0.2502,-0.1647
456602.2185,4425400.5321,-0.2800,-0.1833
456602.3779,4425400.4835,-0.3122,-0.2030
456602.5316,4425400.4310,-0.3468,-0.2235
456602.6796,4425400.3744,-0.3839,-0.2445
456602.8219,4425400.3137,-0.4233,-0.2656
456602.9586,4425400.2487,-0.4651,-0.2862
456603.0897,4425400.1793,-0.5090,-0.3056
456603.2153,4425400.1054,-0.5549,-0.3232
456603.3356,4425400.0269,-0.6024,-0.3382
456603.4505,4425399.9436,-0.6513,-0.3500
456603.5602,4425399.8556,-0.7011,-0.3579
456603.6648,4425399.7627,-0.7515,-0.3615
456603.7644,4425399.6648,-0.8020,-0.3606
456603.8591,4425399.5619,-0.8521,-0.3554
456603.9489,4425399.4539,-0.9014,-0.3461
456604.0341,4425399.3408,-0.9496,-0.3332
456604.1147,4425399.2224,-0.9962,-0.3173
456604.1909,4425399.0987,-1.0410,-0.2992
456604.2627,4425398.9698,-1.0837,-0.2796
456604.3304,4425398.8354,-1.1242,-0.2591
456604.3940,4425398.6957,-1.1624,-0.2384
456604.4536,4425398.5506,-1.1982,-0.2179
456604.5096,4425398.4001,-1.2316,-0.1984
456604.5618,4425398.2442,-1.2627,-0.1799
456604.6106,4425398.0827,-1.2915,-0.1625
456604.6560,4425397.9159,-1.3182,-0.1464
456604.6982,4425397.7435,-1.3428,-0.1316
456604.7373,4425397.5656,-1.3656,-0.1181
456604.7735,4425397.3823,-1.3864,-0.1058
456604.8068,4425397.1935,-1.4056,-0.0947
456604.8374,4425396.9992,-1.4233,-0.0848
456604.8654,4425396.7994,-1.4395,-0.0759
456604.8909,4425396.5941,-1.4543,-0.0679
456604.9263,4425396.4760,-1.4375,-0.0596
456604.9368,4425396.3679,-1.4437,-0.0565
456604.9665,4425396.3943,-1.4172,-0.0567
456604.9928,4425396.2186,-1.4271,-0.0550
456605.0175,4425396.0416,-1.4368,-0.0532
456605.0407,4425395.8633,-1.4462,-0.0514
456605.0624,4425395.6836,-1.4553,-0.0495
456605.0825,4425395.5027,-1.4642,-0.0477
456605.1013,4425395.3204,-1.4728,-0.0458
456605.1185,4425395.1369,-1.4810,-0.0440
456605.1344,4425394.9520,-1.4890,-0.0421
456605.1490,4425394.7659,-1.4967,-0.0403
456605.1622,4425394.5785,-1.5041,-0.0385
456605.1741,4425394.3898,-1.5112,-0.0366
456605.1848,4425394.1998,-1.5180,-0.0348
456605.1942,4425394.0085,-1.5245,-0.0331
456605.2026,4425393.8160,-1.5307,-0.0313
456605.2097,4425393.6223,-1.5366,-0.0296
456605.2159,4425393.4273,-1.5422,-0.0279
456605.2209,4425393.2310,-1.5475,-0.0262
456605.2250,4425393.0335,-1.5525,-0.0246
456605.2282,4425392.8348,-1.5573,-0.0230
456605.2304,4425392.6349,-1.5617,-0.0214
456605.2319,4425392.4337,-1.5659,-0.0199
456605.2325,4425392.2313,-1.5697,-0.0184
456605.2323,4425392.0278,-1.5733,-0.0169
456605.2314,4425391.8230,-1.5766,-0.0155
456605.2299,4425391.6170,-1.5797,-0.0141
456605.2278,4425391.4099,-1.5824,-0.0127
456605.2251,4425391.2016,-1.5849,-0.0114
456605.2219,4425390.9921,-1.5872,-0.0101
456605.2182,4425390.7814,-1.5892,-0.0089
456605.2141,4425390.5696,-1.5910,-0.0077
456605.2097,4425390.3566,-1.5925,-0.0066
456605.2049,4425390.1425,-1.5938,-0.0055
456605.1998,4425389.9273,-1.5948,-0.0044
456605.1945,4425389.7109,-1.5957,-0.0034
456605.1890,4425389.4934,-1.5963,-0.0024
456605.1834,4425389.2748,-1.5967,-0.0014
456605.1777,4425389.0551,-1.5969,-0.0005
456605.1719,4425388.8342,-1.5969,0.0004
456605.1661,4425388.6123,-1.5968,0.0012
456605.1604,4425388.3893,-1.5964,0.0020
456605.1547,4425388.1652,-1.5959,0.0027
456605.1491,4425387.9400,-1.5952,0.0034
456605.1437,4425387.7137,-1.5943,0.0041
456605.1384,4425387.4863,-1.5933,0.0047
456605.1334,4425387.2579,-1.5922,0.0053
456605.1286,4425387.0284,-1.5909,0.0058
456605.1242,4425386.7979,-1.5895,0.0063
456605.1200,4425386.5663,-1.5880,0.0068
456605.1185,4425386.4138,-1.5864,0.0063
456605.1168,4425386.2969,-1.5856,0.0065
456605.1177,4425386.2848,-1.5853,0.0054
456605.1148,4425386.0758,-1.5842,0.0053
456605.1121,4425385.8667,-1.5831,0.0052
456605.1096,4425385.6576,-1.5820,0.0051
456605.1074,4425385.4485,-1.5809,0.0051
456605.1054,4425385.2394,-1.5799,0.0050
456605.1036,4425385.0303,-1.5789,0.0049
456605.1020,4425384.8211,-1.5779,0.0047
456605.1006,4425384.6119,-1.5769,0.0046
456605.0995,4425384.4027,-1.5759,0.0045
456605.0985,4425384.1935,-1.5750,0.0044
456605.0977,4425383.9842,-1.5741,0.0043
456605.0971,4425383.7750,-1.5732,0.0041
456605.0967,4425383.5657,-1.5724,0.0040
456605.0964,4425383.3564,-1.5715,0.0039
456605.0964,4425383.1470,-1.5707,0.0037
456605.0965,4425382.9377,-1.5700,0.0036
456605.0967,4425382.7283,-1.5692,0.0034
456605.0971,4425382.5189,-1.5685,0.0033
456605.0977,4425382.3095,-1.5679,0.0032
456605.0984,4425382.1000,-1.5672,0.0030
456605.0992,4425381.8906,-1.5666,0.0029
456605.1001,4425381.6811,-1.5660,0.0027
456605.1012,4425381.4716,-1.5655,0.0026
456605.1023,4425381.2621,-1.5649,0.0024
456605.1036,4425381.0526,-1.5645,0.0023
456605.1050,4425380.8430,-1.5640,0.0021
456605.1065,4425380.6334,-1.5636,0.0019
456605.1080,4425380.4238,-1.5632,0.0018
456605.1097,4425380.2142,-1.5628,0.0016
456605.1114,4425380.0046,-1.5625,0.0015
456605.1131,4425379.7949,-1.5622,0.0013
456605.1150,4425379.5852,-1.5619,0.0012
456605.1169,4425379.3755,-1.5617,0.0011
456605.1188,4425379.1658,-1.5615,0.0009
456605.1208,4425378.9561,-1.5613,0.0008
456605.1228,4425378.7463,-1.5612,0.0006
456605.1248,4425378.5366,-1.5610,0.0005
456605.1269,4425378.3268,-1.5610,0.0004
456605.1289,4425378.1170,-1.5609,0.0002
456605.1310,4425377.9071,-1.5609,0.0001
456605.1331,4425377.6973,-1.5609,-0.0000
456605.1352,4425377.4874,-1.5609,-0.0001
456605.1373,4425377.2775,-1.5609,-0.0003
456605.1393,4425377.0676,-1.5610,-0.0004
456605.1414,4425376.8577,-1.5611,-0.0005
456605.1434,4425376.6477,-1.5612,-0.0006
456605.1454,4425376.4378,-1.5613,-0.0007
456605.1474,4425376.2278,-1.5615,-0.0008
456605.1487,4425376.0465,-1.5618,-0.0007
456605.1497,4425375.9415,-1.5618,-0.0008
456605.1500,4425375.8725,-1.5620,-0.0006
456605.1517,4425375.6698,-1.5621,-0.0006
456605.1535,4425375.4670,-1.5622,-0.0006
456605.1552,4425375.2642,-1.5623,-0.0006
456605.1569,4425375.0615,-1.5625,-0.0006
456605.1586,4425374.8587,-1.5626,-0.0005
456605.1602,4425374.6560,-1.5627,-0.0005
456605.1619,4425374.4532,-1.5628,-0.0005
456605.1635,4425374.2505,-1.5629,-0.0005
456605.1651,4425374.0477,-1.5630,-0.0005
456605.1667,4425373.8450,-1.5631,-0.0005
456605.1682,4425373.6422,-1.5632,-0.0005
456605.1697,4425373.4394,-1.5633,-0.0005
456605.1713,4425373.2367,-1.5634,-0.0004
456605.1727,4425373.0339,-1.5635,-0.0004
456605.1742,4425372.8312,-1.5636,-0.0004
456605.1757,4425372.6284,-1.5636,-0.0004
456605.1771,4425372.4257,-1.5637,-0.0004
456605.1786,4425372.2229,-1.5638,-0.0004
456605.1800,4425372.0201,-1.5639,-0.0004
456605.1814,4425371.8174,-1.5639,-0.0003
456605.1827,4425371.6146,-1.5640,-0.0003
456605.1841,4425371.4119,-1.5641,-0.0003
456605.1855,4425371.2091,-1.5641,-0.0003
456605.1868,4425371.0063,-1.5642,-0.0003
456605.1881,4425370.8036,-1.5642,-0.0003
456605.1895,4425370.6008,-1.5643,-0.0002
456605.1908,4425370.3980,-1.5643,-0.0002
456605.1921,4425370.1953,-1.5644,-0.0002
456605.1934,4425369.9925,-1.5644,-0.0002
456605.1947,4425369.7898,-1.5645,-0.0002
456605.1960,4425369.5870,-1.5645,-0.0002
456605.1972,4425369.3842,-1.5645,-0.0001
456605.1985,4425369.1815,-1.5646,-0.0001
456605.1998,4425368.9787,-1.5646,-0.0001
456605.2010,4425368.7759,-1.5646,-0.0001
456605.2023,4425368.5732,-1.5646,-0.0001
456605.2035,4425368.3704,-1.5646,-0.0001
456605.2048,4425368.1676,-1.5646,-0.0001
456605.2060,4425367.9649,-1.5647,-0.0000
456605.2073,4425367.7621,-1.5647,-0.0000
456605.2085,4425367.5593,-1.5647,-0.0000
456605.2098,4425367.3566,-1.5647,0.0000
456605.2110,4425367.1538,-1.5647,0.0000
456605.2122,4425366.9510,-1.5647,0.0000
456605.2135,4425366.7483,-1.5646,0.0000
456605.2147,4425366.5455,-1.5646,0.0001
456605.2160,4425366.3427,-1.5646,0.0001
456605.2172,4425366.1400,-1.5646,0.0001
456605.2186,4425365.9452,-1.5646,0.0001
456605.2192,4425365.8439,-1.5646,0.0001
456605.2199,4425365.7525,-1.5646,0.0000
456605.2211,4425365.5517,-1.5646,0.0000
456605.2224,4425365.3510,-1.5646,0.0000
456605.2236,4425365.1502,-1.5646,0.0000
456605.2249,4425364.9495,-1.5645,0.0000
456605.2261,4425364.7487,-1.5645,0.0000
456605.2274,4425364.5480,-1.5645,0.0000
456605.2286,4425364.3472,-1.5645,0.0000
456605.2299,4425364.1464,-1.5645,0.0000
456605.2312,4425363.9457,-1.5645,0.0000
456605.2324,4425363.7449,-1.5645,0.0000
456605.2337,4425363.5442,-1.5645,0.0000
456605.2350,4425363.3434,-1.5645,0.0000
456605.2362,4425363.1426,-1.5645,0.0000
456605.2375,4425362.9419,-1.5645,0.0000
456605.2388,4425362.7411,-1.5645,0.0000
456605.2400,4425362.5404,-1.5645,0.0000
456605.2413,4425362.3396,-1.5645,0.0000
456605.2426,4425362.1388,-1.5644,0.0000
456605.2439,4425361.9381,-1.5644,0.0000
456605.2451,4425361.7373,-1.5644,0.0000
456605.2464,4425361.5366,-1.5644,0.0000
456605.2477,4425361.3358,-1.5644,0.0000
456605.2490,4425361.1350,-1.5644,0.0000
456605.2503,4425360.9343,-1.5644,0.0000
456605.2515,4425360.7335,-1.5644,0.0000
456605.2528,4425360.5328,-1.5644,0.0000
456605.2541,4425360.3320,-1.5644,0.0000
456605.2554,4425360.1312,-1.5644,0.0000
456605.2567,4425359.9305,-1.5644,0.0000
456605.2580,4425359.7297,-1.5644,0.0000
456605.2592,4425359.5290,-1.5644,0.0000
456605.2605,4425359.3282,-1.5644,0.0000
456605.2618,4425359.1275,-1.5644,0.0000
456605.2631,4425358.9267,-1.5644,0.0000
456605.2644,4425358.7259,-1.5644,0.0000
456605.2657,4425358.5252,-1.5644,0.0000
456605.2670,4425358.3244,-1.5644,0.0000
456605.2683,4425358.1237,-1.5644,0.0000
456605.2696,4425357.9229,-1.5644,0.0000
456605.2709,4425357.7221,-1.5644,0.0000
456605.2722,4425357.5214,-1.5644,0.0000
456605.2734,4425357.3206,-1.5644,0.0000
456605.2747,4425357.1199,-1.5644,0.0000
456605.2760,4425356.9191,-1.5643,0.0000
456605.2773,4425356.7183,-1.5643,0.0000
456605.2786,4425356.5176,-1.5643,0.0000
456605.2799,4425356.3168,-1.5643,0.0000
456605.2812,4425356.1161,-1.5643,0.0000
456605.3046,4425355.7543,-1.5403,0.0166
456605.3052,4425355.6539,-1.5403,0.0166
456605.3397,4425355.3700,-1.5085,0.0362
456605.3543,4425355.1506,-1.5002,0.0395
456605.3704,4425354.9353,-1.4913,0.0431
456605.3883,4425354.7239,-1.4818,0.0471
456605.4078,4425354.5165,-1.4715,0.0515
456605.4292,4425354.3132,-1.4605,0.0563
456605.4525,4425354.1138,-1.4487,0.0616
456605.4777,4425353.9184,-1.4360,0.0675
456605.5049,4425353.7271,-1.4223,0.0738
456605.5343,4425353.5399,-1.4077,0.0807
456605.5659,4425353.3567,-1.3920,0.0882
456605.5998,4425353.1775,-1.3752,0.0963
456605.6361,4425353.0024,-1.3572,0.1050
456605.6749,4425352.8315,-1.3380,0.1143
456605.7163,4425352.6645,-1.3175,0.1243
456605.7603,4425352.5017,-1.2957,0.1350
456605.8071,4425352.3430,-1.2724,0.1463
456605.8567,4425352.1884,-1.2477,0.1580
456605.9092,4425352.0379,-1.2215,0.1702
456605.9648,4425351.8915,-1.1939,0.1828
456606.0235,4425351.7492,-1.1648,0.1956
456606.0854,4425351.6110,-1.1342,0.2084
456606.1506,4425351.4769,-1.1022,0.2212
456606.2192,4425351.3469,-1.0688,0.2336
456606.2911,4425351.2210,-1.0340,0.2454
456606.3666,4425351.0992,-0.9981,0.2564
456606.4456,4425350.9815,-0.9610,0.2662
456606.5283,4425350.8677,-0.9229,0.2748
456606.6147,4425350.7581,-0.8841,0.2817
456606.7049,4425350.6524,-0.8446,0.2868
456606.7989,4425350.5508,-0.8046,0.2900
456606.8967,4425350.4531,-0.7644,0.2911
456606.9985,4425350.3594,-0.7242,0.2901
456607.1042,4425350.2696,-0.6841,0.2871
456607.2139,4425350.1836,-0.6444,0.2822
456607.3277,4425350.1016,-0.6053,0.2754
456607.4455,4425350.0234,-0.5669,0.2671
456607.5675,4425349.9490,-0.5294,0.2575
456607.6935,4425349.8783,-0.4930,0.2471
456607.8236,4425349.8113,-0.4576,0.2360
456607.9579,4425349.7480,-0.4234,0.2244
456608.0964,4425349.6884,-0.3905,0.2126
456608.2390,4425349.6324,-0.3588,0.2008
456608.3858,4425349.5799,-0.3284,0.1890
456608.5367,4425349.5309,-0.2993,0.1775
456608.6919,4425349.4854,-0.2715,0.1664
456608.8512,4425349.4433,-0.2450,0.1558
456609.0147,4425349.4047,-0.2197,0.1456
456609.1824,4425349.3693,-0.1956,0.1360
456609.5239,4425349.2526,-0.2073,0.1052
456609.6120,4425349.2382,-0.1963,0.1010
456609.8973,4425349.1194,-0.2247,0.0814
456610.1017,4425349.0745,-0.2079,0.0791
456610.3068,4425349.0330,-0.1916,0.0766
456610.5125,4425348.9947,-0.1759,0.0740
456610.7189,4425348.9597,-0.1607,0.0713
456610.9258,4425348.9277,-0.1460,0.0686
456611.1332,4425348.8987,-0.1319,0.0658
456611.3411,4425348.8726,-0.1184,0.0630
456611.5492,4425348.8492,-0.1055,0.0603
456611.7577,4425348.8284,-0.0932,0.0575
456611.9663,4425348.8101,-0.0814,0.0549
456612.1751,4425348.7943,-0.0702,0.0523
456612.3839,4425348.7807,-0.0595,0.0498
456612.5926,4425348.7694,-0.0494,0.0475
456612.8012,4425348.7601,-0.0397,0.0453
456613.0096,4425348.7528,-0.0305,0.0431
456613.2177,4425348.7473,-0.0217,0.0412
456613.4254,4425348.7437,-0.0134,0.0395
456613.6325,4425348.7418,-0.0053,0.0382
456613.8391,4425348.7415,0.0025,0.0371
456614.0450,4425348.7428,0.0100,0.0362
456614.2501,4425348.7456,0.0174,0.0357
456614.4542,4425348.7499,0.0246,0.0354
456614.6574,4425348.7556,0.0318,0.0354
456614.8595,4425348.7627,0.0390,0.0356
456615.0604,4425348.7713,0.0462,0.0361
456615.2600,4425348.7813,0.0535,0.0369
456615.4582,4425348.7926,0.0609,0.0379
456615.6548,4425348.8053,0.0685,0.0393
456615.8499,4425348.8195,0.0763,0.0409
456616.0432,4425348.8350,0.0844,0.0429
456616.2348,4425348.8521,0.0929,0.0452
456616.4244,4425348.8706,0.1018,0.0478
456616.6120,4425348.8906,0.1110,0.0508
456616.7974,4425348.9122,0.1208,0.0542
456616.9807,4425348.9354,0.1312,0.0580
456617.1617,4425348.9603,0.1422,0.0622
456617.3402,4425348.9869,0.1538,0.0669
456617.5162,4425349.0152,0.1662,0.0719
456617.6896,4425349.0455,0.1793,0.0773
456617.8604,4425349.0777,0.1932,0.0833
456618.0284,4425349.1118,0.2080,0.0897
456618.1935,4425349.1480,0.2238,0.0966
456618.3557,4425349.1863,0.2405,0.1040
456618.5148,4425349.2268,0.2582,0.1120
456618.6709,4425349.2696,0.2770,0.1205
456618.8237,4425349.3147,0.2969,0.1295
456618.9734,4425349.3622,0.3180,0.1390
456619.1197,4425349.4121,0.3402,0.1490
456619.1878,4425349.4691,0.4064,0.2019
456619.2575,4425349.4966,0.4187,0.2073
456619.2340,4425349.5345,0.4827,0.2518
456619.3520,4425349.5989,0.5170,0.2586
456619.4667,4425349.6668,0.5519,0.2646
456619.5782,4425349.7382,0.5873,0.2697
456619.6865,4425349.8131,0.6231,0.2739
456619.7916,4425349.8915,0.6592,0.2770
456619.8935,4425349.9735,0.6956,0.2789
456619.9922,4425350.0589,0.7321,0.2795
456620.0876,4425350.1480,0.7685,0.2789
456620.1799,4425350.2405,0.8049,0.2771
456620.2690,4425350.3366,0.8410,0.2739
456620.3550,4425350.4362,0.8768,0.2696
456620.4378,4425350.5393,0.9121,0.2640
456620.5174,4425350.6460,0.9468,0.2574
456620.5940,4425350.7563,0.9809,0.2499
456620.6674,4425350.8701,1.0142,0.2417
456620.7378,4425350.9874,1.0466,0.2326
456620.8052,4425351.1083,1.0782,0.2230
456620.8695,4425351.2328,1.1087,0.2128
456620.9309,4425351.3608,1.1382,0.2023
456620.9894,4425351.4923,1.1665,0.1916
456621.0450,4425351.6274,1.1937,0.1809
456621.0978,4425351.7660,1.2198,0.1702
456621.1479,4425351.9082,1.2446,0.1596
456621.1952,4425352.0539,1.2683,0.1493
456621.2399,4425352.2031,1.2907,0.1393
456621.2821,4425352.3558,1.3120,0.1297
456621.3217,4425352.5120,1.3322,0.1204
456621.3589,4425352.6717,1.3512,0.1116
456621.3938,4425352.8349,1.3691,0.1031
456621.4264,4425353.0016,1.3859,0.0952
456621.4568,4425353.1717,1.4017,0.0877
456621.4851,4425353.3453,1.4165,0.0806
456621.5114,4425353.5224,1.4303,0.0739
456621.5357,4425353.7029,1.4432,0.0677
456621.5582,4425353.8868,1.4552,0.0618
456621.5788,4425354.0741,1.4663,0.0564
456621.5978,4425354.2648,1.4767,0.0513
456621.6152,4425354.4588,1.4862,0.0466
456621.6310,4425354.6563,1.4950,0.0423
456621.6455,4425354.8571,1.5031,0.0383
456621.6585,4425355.0612,1.5105,0.0346
456621.6703,4425355.2687,1.5174,0.0311
456621.6809,4425355.4795,1.5236,0.0280
456621.6904,4425355.6936,1.5293,0.0251
456621.6989,4425355.9110,1.5345,0.0225
456621.7064,4425356.1317,1.5391,0.0200
456621.7130,4425356.3556,1.5434,0.0178
456621.7188,4425356.5828,1.5472,0.0158
456621.7322,4425356.7659,1.5411,0.0131
456621.7344,4425356.8827,1.5427,0.0123
456621.7486,4425356.9261,1.5341,0.0120
456621.7559,4425357.1338,1.5366,0.0118
456621.7628,4425357.3417,1.5390,0.0116
456621.7692,4425357.5496,1.5414,0.0114
456621.7750,4425357.7577,1.5438,0.0112
456621.7804,4425357.9658,1.5461,0.0109
456621.7853,4425358.1741,1.5483,0.0107
456621.7898,4425358.3824,1.5505,0.0104
456621.7938,4425358.5909,1.5526,0.0101
456621.7974,4425358.7994,1.5547,0.0098
456621.8005,4425359.0081,1.5567,0.0095
456621.8033,4425359.2168,1.5587,0.0092
456621.8056,4425359.4257,1.5606,0.0089
456621.8075,4425359.6347,1.5624,0.0086
456621.8091,4425359.8437,1.5642,0.0082
456621.8103,4425360.0529,1.5658,0.0079
456621.8112,4425360.2621,1.5675,0.0076
456621.8117,4425360.4715,1.5690,0.0072
456621.8119,4425360.6809,1.5705,0.0069
456621.8119,4425360.8905,1.5719,0.0065
456621.8115,4425361.1001,1.5732,0.0061
456621.8109,4425361.3099,1.5745,0.0058
456621.8100,4425361.5197,1.5756,0.0054
456621.8088,4425361.7297,1.5767,0.0051
456621.8075,4425361.9397,1.5778,0.0047
456621.8059,4425362.1498,1.5787,0.0043
456621.8042,4425362.3601,1.5796,0.0040
456621.8022,4425362.5704,1.5804,0.0036
456621.8001,4425362.7808,1.5811,0.0033
456621.7979,4425362.9913,1.5817,0.0029
456621.7955,4425363.2019,1.5823,0.0025
456621.7930,4425363.4126,1.5828,0.0022
456621.7905,4425363.6233,1.5832,0.0018
456621.7878,4425363.8342,1.5836,0.0015
456621.7851,4425364.0452,1.5839,0.0012
456621.7823,4425364.2562,1.5841,0.0008
456621.7795,4425364.4674,1.5842,0.0005
456621.7766,4425364.6786,1.5843,0.0002
456621.7738,4425364.8899,1.5843,-0.0001
456621.7709,4425365.1013,1.5842,-0.0004
456621.7681,4425365.3128,1.5841,-0.0007
456621.7653,4425365.5244,1.5839,-0.0010
456621.7625,4425365.7360,1.5837,-0.0013
456621.7598,4425365.9478,1.5834,-0.0016
456621.7572,4425366.1596,1.5830,-0.0018
456621.7546,4425366.3715,1.5826,-0.0021
456621.7522,4425366.5835,1.5822,-0.0023
456621.7498,4425366.7956,1.5816,-0.0025
456621.7476,4425367.0078,1.5811,-0.0027
456621.7462,4425367.1855,1.5804,-0.0025
456621.7452,4425367.2917,1.5801,-0.0026
456621.7451,4425367.3543,1.5799,-0.0021
456621.7433,4425367.5577,1.5795,-0.0021
456621.7416,4425367.7610,1.5790,-0.0021
456621.7400,4425367.9644,1.5786,-0.0020
456621.7384,4425368.1677,1.5782,-0.0020
456621.7369,4425368.3711,1.5778,-0.0020
456621.7356,4425368.5744,1.5774,-0.0019
456621.7343,4425368.7778,1.5770,-0.0019
456621.7330,4425368.9812,1.5767,-0.0018
456621.7319,4425369.1845,1.5763,-0.0018
456621.7308,4425369.3879,1.5759,-0.0017
456621.7298,4425369.5913,1.5756,-0.0017
456621.7288,4425369.7947,1.5753,-0.0016
456621.7280,4425369.9981,1.5749,-0.0016
456621.7271,4425370.2014,1.5746,-0.0015
456621.7264,4425370.4048,1.5743,-0.0015
456621.7257,4425370.6082,1.5740,-0.0014
456621.7251,4425370.8116,1.5737,-0.0014
456621.7245,4425371.0150,1.5735,-0.0013
456621.7240,4425371.2184,1.5732,-0.0012
456621.7235,4425371.4218,1.5730,-0.0012
456621.7231,4425371.6252,1.5727,-0.0011
456621.7228,4425371.8287,1.5725,-0.0011
456621.7224,4425372.0321,1.5723,-0.0010
456621.7221,4425372.2355,1.5721,-0.0009
456621.7219,4425372.4389,1.5719,-0.0009
456621.7217,4425372.6423,1.5717,-0.0008
456621.7215,4425372.8458,1.5716,-0.0008
456621.7214,4425373.0492,1.5714,-0.0007
456621.7213,4425373.2526,1.5713,-0.0006
456621.7212,4425373.4561,1.5712,-0.0006
456621.7211,4425373.6595,1.5711,-0.0005
456621.7211,4425373.8630,1.5710,-0.0005
456621.7210,4425374.0664,1.5709,-0.0004
456621.7210,4425374.2698,1.5708,-0.0003
456621.7210,4425374.4733,1.5707,-0.0003
456621.7211,4425374.6768,1.5707,-0.0002
456621.7211,4425374.8802,1.5706,-0.0002
456621.7211,4425375.0837,1.5706,-0.0001
456621.7212,4425375.2871,1.5706,-0.0001
456621.7212,4425375.4906,1.5706,-0.0000
456621.7212,4425375.6941,1.5706,0.0000
456621.7213,4425375.8975,1.5706,0.0001
456621.7213,4425376.1010,1.5706,0.0001
456621.7214,4425376.3045,1.5706,0.0002
456621.7214,4425376.5080,1.5707,0.0002
456621.7214,4425376.7114,1.5707,0.0002
456621.7214,4425376.9149,1.5708,0.0003
456621.7214,4425377.1184,1.5708,0.0003
456621.7213,4425377.3118,1.5709,0.0003
456621.7213,4425377.4136,1.5710,0.0003
456621.7211,4425377.5027,1.5710,0.0002
456621.7210,4425377.7037,1.5711,0.0002
456621.7210,4425377.9046,1.5711,0.0002
456621.7209,4425378.1056,1.5712,0.0002
456621.7208,4425378.3066,1.5712,0.0002
456621.7207,4425378.5075,1.5713,0.0002
456621.7206,4425378.7085,1.5713,0.0002
456621.7205,4425378.9094,1.5714,0.0002
456621.7204,4425379.1104,1.5714,0.0002
456621.7203,4425379.3114,1.5714,0.0002
456621.7202,4425379.5123,1.5715,0.0002
456621.7200,4425379.7133,1.5715,0.0002
456621.7199,4425379.9142,1.5716,0.0002
456621.7197,4425380.1152,1.5716,0.0002
456621.7195,4425380.3162,1.5716,0.0002
456621.7194,4425380.5171,1.5717,0.0002
456621.7192,4425380.7181,1.5717,0.0002
456621.7190,4425380.9191,1.5717,0.0002
456621.7188,4425381.1200,1.5718,0.0002
456621.7186,4425381.3210,1.5718,0.0001
456621.7184,4425381.5219,1.5718,0.0001
456621.7182,4425381.7229,1.5718,0.0001
456621.7180,4425381.9239,1.5719,0.0001
456621.7178,4425382.1248,1.5719,0.0001
456621.7176,4425382.3258,1.5719,0.0001
456621.7173,4425382.5267,1.5719,0.0001
456621.7171,4425382.7277,1.5720,0.0001
456621.7169,4425382.9287,1.5720,0.0001
456621.7166,4425383.1296,1.5720,0.0001
456621.7164,4425383.3306,1.5720,0.0001
456621.7161,4425383.5316,1.5720,0.0001
456621.7159,4425383.7325,1.5720,0.0001
456621.7156,4425383.9335,1.5721,0.0001
456621.7154,4425384.1344,1.5721,0.0001
456621.7151,4425384.3354,1.5721,0.0000
456621.7149,4425384.5364,1.5721,0.0000
456621.7146,4425384.7373,1.5721,0.0000
456621.7144,4425384.9383,1.5721,0.0000
456621.7141,4425385.1393,1.5721,0.0000
456621.7138,4425385.3402,1.5721,0.0000
456621.7136,4425385.5412,1.5721,0.0000
456621.7133,4425385.7421,1.5721,0.0000
456621.7130,4425385.9431,1.5721,-0.0000
456621.7128,4425386.1441,1.5721,-0.0000
456621.7125,4425386.3450,1.5721,-0.0000
456621.7122,4425386.5460,1.5721,-0.0000
456621.7120,4425386.7470,1.5721,-0.0000
456621.7117,4425386.9479,1.5721,-0.0000
456621.7115,4425387.1489,1.5721,-0.0000
456621.7211,4425387.4366,1.5610,-0.0060
456621.7210,4425387.5371,1.5610,-0.0060
456621.7359,4425387.7419,1.5473,-0.0116
456621.7413,4425387.9595,1.5448,-0.0113
456621.7472,4425388.1762,1.5424,-0.0109
456621.7535,4425388.3920,1.5401,-0.0104
456621.7604,4425388.6069,1.5379,-0.0099
456621.7676,4425388.8209,1.5359,-0.0093
456621.7753,4425389.0339,1.5339,-0.0087
456621.7833,4425389.2460,1.5322,-0.0081
456621.7916,4425389.4571,1.5305,-0.0074
456621.8003,4425389.6673,1.5290,-0.0067
456621.8091,4425389.8766,1.5277,-0.0059
456621.8182,4425390.0849,1.5266,-0.0050
456621.8275,4425390.2923,1.5256,-0.0041
456621.8369,4425390.4986,1.5249,-0.0032
456621.8464,4425390.7041,1.5243,-0.0022
456621.8560,4425390.9085,1.5240,-0.0012
456621.8655,4425391.1120,1.5238,-0.0001
456621.8750,4425391.3145,1.5239,0.0010
456621.8845,4425391.5160,1.5242,0.0021
456621.8938,4425391.7165,1.5248,0.0033
456621.9029,4425391.9160,1.5256,0.0046
456621.9118,4425392.1145,1.5266,0.0058
456621.9204,4425392.3120,1.5279,0.0072
456621.9287,4425392.5085,1.5294,0.0085
456621.9366,4425392.7040,1.5312,0.0099
456621.9441,4425392.8984,1.5333,0.0114
456621.9511,4425393.0918,1.5356,0.0129
456621.9576,4425393.2842,1.5383,0.0144
456621.9636,4425393.4755,1.5412,0.0160
456621.9689,4425393.6658,1.5444,0.0176
456621.9736,4425393.8550,1.5479,0.0193
456621.9776,4425394.0432,1.5517,0.0210
456621.9808,4425394.2303,1.5558,0.0227
456621.9832,4425394.4163,1.5601,0.0245
456621.9847,4425394.6013,1.5648,0.0263
456621.9853,4425394.7851,1.5698,0.0281
456621.9850,4425394.9679,1.5751,0.0300
456621.9837,4425395.1496,1.5808,0.0319
456621.9814,4425395.3302,1.5867,0.0338
456621.9780,4425395.5096,1.5929,0.0357
456621.9735,4425395.6880,1.5995,0.0377
456621.9678,4425395.8653,1.6063,0.0397
456621.9609,4425396.0414,1.6135,0.0416
456621.9528,4425396.2164,1.6210,0.0436
456621.9434,4425396.3903,1.6287,0.0456
456621.9327,4425396.5631,1.6368,0.0477
456621.9206,4425396.7347,1.6452,0.0497
456621.9072,4425396.9052,1.6538,0.0516
456621.8923,4425397.0745,1.6628,0.0536
456621.8466,4425397.3443,1.7046,0.0820
456621.8377,4425397.4278,1.7094,0.0830
456621.7856,4425397.6231,1.7575,0.1167
456621.7511,4425397.7957,1.7788,0.1257
456621.7137,4425397.9637,1.8012,0.1353
456621.6733,4425398.1271,1.8249,0.1457
456621.6300,4425398.2859,1.8498,0.1569
456621.5836,4425398.4402,1.8760,0.1688
456621.5342,4425398.5899,1.9036,0.1813
456621.4817,4425398.7350,1.9326,0.1946
456621.4261,4425398.8755,1.9630,0.2084
456621.3674,4425399.0115,1.9949,0.2226
456621.3054,4425399.1428,2.0283,0.2371
456621.2402,4425399.2696,2.0631,0.2516
456621.1718,4425399.3919,2.0994,0.2659
456621.1001,4425399.5096,2.1370,0.2797
456621.0250,4425399.6228,2.1759,0.2927
456620.9466,4425399.7316,2.2159,0.3048
456620.8647,4425399.8358,2.2571,0.3151
456620.7794,4425399.9356,2.2990,0.3235
456620.6907,4425400.0310,2.3416,0.3295
456620.5984,4425400.1221,2.3845,0.3329
456620.5025,4425400.2088,2.4276,0.3336
456620.4031,4425400.2912,2.4706,0.3314
456620.3001,4425400.3695,2.5132,0.3265
456620.1935,4425400.4436,2.5552,0.3191
456620.0832,4425400.5136,2.5962,0.3092
456619.9692,4425400.5797,2.6362,0.2974
456619.8515,4425400.6419,2.6749,0.2838
456619.7301,4425400.7002,2.7121,0.2690
456619.6050,4425400.7548,2.7478,0.2533
456619.4761,4425400.8058,2.7818,0.2371
456619.3434,4425400.8532,2.8140,0.2206
456619.2070,4425400.8972,2.8445,0.2042
456619.0668,4425400.9379,2.8731,0.1881
456618.9227,4425400.9755,2.8999,0.1724
456618.7749,4425401.0099,2.9250,0.1574
456618.6232,4425401.0414,2.9482,0.1431
456618.4678,4425401.0701,2.9698,0.1296
456618.3085,4425401.0961,2.9896,0.1168
456618.1454,4425401.1195,3.0079,0.1052
456617.9785,4425401.1405,3.0247,0.0944
456617.8078,4425401.1592,3.0400,0.0845
456617.6333,4425401.1757,3.0540,0.0755
456617.4550,4425401.1902,3.0668,0.0672
456617.2729,4425401.2028,3.0783,0.0596
456617.0870,4425401.2136,3.0888,0.0528
456616.8973,4425401.2227,3.0982,0.0466
456616.7038,4425401.2302,3.1067,0.0410
456616.5066,4425401.2364,3.1143,0.0360
456616.3055,4425401.2412,3.1210,0.0315
456615.6498,4425401.2948,3.1098,0.0231
456615.5456,4425401.2961,3.1125,0.0213
456614.9113,4425401.3583,3.0980,0.0195
456614.6275,4425401.3699,3.1037,0.0205
456614.3474,4425401.3797,3.1096,0.0215
456614.0711,4425401.3877,3.1157,0.0226
456613.7985,4425401.3939,3.1220,0.0237
456613.5298,4425401.3983,3.1285,0.0250
456613.2648,4425401.4009,3.1353,0.0263
456613.0037,4425401.4016,-3.1408,0.0277
456612.7464,4425401.4005,-3.1335,0.0293
456612.4930,4425401.3974,-3.1259,0.0309
456612.2434,4425401.3925,-3.1179,0.0327
456611.9977,4425401.3857,-3.1097,0.0345
456611.7559,4425401.3770,-3.1011,0.0366
456611.5181,4425401.3663,-3.0921,0.0387
456611.2841,4425401.3536,-3.0828,0.0410
456611.0542,4425401.3390,-3.0730,0.0435
456610.8282,4425401.3223,-3.0629,0.0462
456610.6062,4425401.3036,-3.0523,0.0491
456610.3882,4425401.2829,-3.0412,0.0522
456610.1743,4425401.2601,-3.0296,0.0555
456609.9644,4425401.2352,-3.0175,0.0591
456609.7587,4425401.2083,-3.0049,0.0629
456609.5570,4425401.1792,-2.9916,0.0670
456609.3594,4425401.1479,-2.9778,0.0715
456609.1660,4425401.1145,-2.9633,0.0762
456608.9768,4425401.0790,-2.9481,0.0814
456608.7917,4425401.0412,-2.9323,0.0869
456608.6109,4425401.0012,-2.9156,0.0928
456608.4343,4425400.9590,-2.8982,0.0991
456608.2619,4425400.9146,-2.8800,0.1059
456608.0939,4425400.8679,-2.8609,0.1133
456607.9301,4425400.8189,-2.8409,0.1211
456607.7707,4425400.7676,-2.8199,0.1294
456607.6156,4425400.7141,-2.7979,0.1384
456607.4648,4425400.6582,-2.7749,0.1479
456607.3185,4425400.6000,-2.7509,0.1579
456607.1765,4425400.5394,-2.7257,0.1686
456607.0390,4425400.4765,-2.6993,0.1799
456606.9059,4425400.4112,-2.6718,0.1917
456606.7772,4425400.3436,-2.6430,0.2041
456606.6531,4425400.2736,-2.6131,0.2169
456606.5334,4425400.2012,-2.5818,0.2302
456606.4183,4425400.1265,-2.5493,0.2439
456606.3077,4425400.0493,-2.5154,0.2577
456606.2017,4425399.9698,-2.4804,0.2716
456606.1002,4425399.8879,-2.4440,0.2855
456606.0033,4425399.8035,-2.4065,0.2990
456605.9110,4425399.7168,-2.3678,0.3120
456605.8233,4425399.6276,-2.3280,0.3243
456605.8930,4425399.6195,-2.2136,0.4204
456606.0346,4425399.6576,-2.1071,0.4095
456605.9915,4425399.5823,-2.0732,0.3715
456605.9497,4425399.5032,-2.0416,0.3369
456605.9091,4425399.4203,-2.0120,0.3054
456605.8697,4425399.3337,-1.9843,0.2769
456605.8315,4425399.2434,-1.9584,0.2511
456605.7944,4425399.1493,-1.9342,0.2278
456605.7585,4425399.0515,-1.9116,0.2069
456605.7237,4425398.9500,-1.8904,0.1881
456605.6900,4425398.8448,-1.8706,0.1711
456605.6575,4425398.7359,-1.8521,0.1558
456605.6261,4425398.6233,-1.8347,0.1421
456605.5957,4425398.5072,-1.8184,0.1297
456605.5664,4425398.3874,-1.8031,0.1185
456605.5382,4425398.2639,-1.7887,0.1085
456605.5110,4425398.1369,-1.7752,0.0993
456605.4848,4425398.0063,-1.7626,0.0911
456605.4595,4425397.8722,-1.7506,0.0836
456605.4353,4425397.7345,-1.7394,0.0769
456605.4121,4425397.5933,-1.7289,0.0707
456605.3897,4425397.4485,-1.7189,0.0651
456605.3683,4425397.3003,-1.7096,0.0601
456605.3478,4425397.1486,-1.7007,0.0554
456605.3282,4425396.9935,-1.6924,0.0512
456605.3095,4425396.8349,-1.6845,0.0473
456605.2916,4425396.6729,-1.6771,0.0438
456605.2745,4425396.5075,-1.6701,0.0405
456605.2583,4425396.3388,-1.6635,0.0376
456605.2428,4425396.1666,-1.6573,0.0348
456605.2282,4425395.9912,-1.6513,0.0323
456605.2142,4425395.8124,-1.6458,0.0300
456605.2010,4425395.6303,-1.6405,0.0279
456605.1886,4425395.4449,-1.6355,0.0259
456605.1768,4425395.2563,-1.6307,0.0241
456605.1657,4425395.0644,-1.6263,0.0225
456605.1553,4425394.8692,-1.6220,0.0209
456605.1456,4425394.6709,-1.6180,0.0195
456605.1364,4425394.4693,-1.6142,0.0182
456605.1279,4425394.2646,-1.6106,0.0170
456605.1200,4425394.0567,-1.6072,0.0159
456605.1126,4425393.8457,-1.6039,0.0148
456605.1059,4425393.6315,-1.6009,0.0139
456605.0997,4425393.4142,-1.5979,0.0130
456605.0940,4425393.1938,-1.5952,0.0122
456605.0888,4425392.9703,-1.5925,0.0114
456605.0842,4425392.7437,-1.5900,0.0107
456605.0801,4425392.5140,-1.5876,0.0101
456605.0764,4425392.2813,-1.5854,0.0095
456605.0706,4425392.1043,-1.5871,0.0082
456605.0692,4425391.9849,-1.5861,0.0079
456605.0638,4425391.9525,-1.5895,0.0073
456605.0601,4425391.7419,-1.5880,0.0072
456605.0566,4425391.5313,-1.5865,0.0071
456605.0535,4425391.3207,-1.5850,0.0069
456605.0506,4425391.1100,-1.5835,0.0068
456605.0481,4425390.8993,-1.5821,0.0067
456605.0458,4425390.6886,-1.5807,0.0065
456605.0439,4425390.4778,-1.5794,0.0064
456605.0422,4425390.2670,-1.5780,0.0062
456605.0408,4425390.0561,-1.5768,0.0060
456605.0397,4425389.8452,-1.5755,0.0059
456605.0388,4425389.6343,-1.5743,0.0057
456605.0382,4425389.4233,-1.5731,0.0055
456605.0379,4425389.2123,-1.5720,0.0053
456605.0377,4425389.0012,-1.5709,0.0051
456605.0378,4425388.7901,-1.5698,0.0049
456605.0381,4425388.5790,-1.5688,0.0047
456605.0387,4425388.3678,-1.5678,0.0045
456605.0394,4425388.1566,-1.5669,0.0043
456605.0403,4425387.9454,-1.5660,0.0041
456605.0414,4425387.7341,-1.5652,0.0039
456605.0427,4425387.5228,-1.5644,0.0037
456605.0441,4425387.3114,-1.5636,0.0035
456605.0457,4425387.1001,-1.5629,0.0032
456605.0475,4425386.8886,-1.5622,0.0030
456605.0493,4425386.6772,-1.5616,0.0028
456605.0513,4425386.4657,-1.5611,0.0026
456605.0535,4425386.2541,-1.5605,0.0024
456605.0557,4425386.0425,-1.5601,0.0022
456605.0580,4425385.8309,-1.5596,0.0019
456605.0604,4425385.6193,-1.5592,0.0017
456605.0629,4425385.4076,-1.5589,0.0015
456605.0654,4425385.1959,-1.5586,0.0013
456605.0680,4425384.9841,-1.5583,0.0011
456605.0707,4425384.7724,-1.5581,0.0009
456605.0734,4425384.5605,-1.5580,0.0007
456605.0761,4425384.3487,-1.5578,0.0005
456605.0789,4425384.1368,-1.5577,0.0003
456605.0817,4425383.9249,-1.5577,0.0001
456605.0844,4425383.7129,-1.5577,-0.0001
456605.0872,4425383.5009,-1.5577,-0.0002
456605.0900,4425383.2889,-1.5578,-0.0004
456605.0927,4425383.0768,-1.5579,-0.0006
456605.0954,4425382.8647,-1.5581,-0.0008
456605.0981,4425382.6526,-1.5582,-0.0009
456605.1008,4425382.4404,-1.5584,-0.0011
456605.1034,4425382.2282,-1.5587,-0.0012
456605.1059,4425382.0160,-1.5590,-0.0013
456605.1084,4425381.8037,-1.5593,-0.0015
456605.1100,4425381.6267,-1.5597,-0.0014
456605.1112,4425381.5205,-1.5598,-0.0014
456605.1114,4425381.4585,-1.5600,-0.0011
456605.1136,4425381.2552,-1.5602,-0.0011
456605.1158,4425381.0518,-1.5604,-0.0011
456605.1178,4425380.8484,-1.5607,-0.0011
456605.1199,4425380.6450,-1.5609,-0.0011
456605.1219,4425380.4416,-1.5611,-0.0011
456605.1238,4425380.2383,-1.5613,-0.0010
456605.1257,4425380.0349,-1.5615,-0.0010
456605.1276,4425379.8315,-1.5617,-0.0010
456605.1294,4425379.6281,-1.5619,-0.0010
456605.1312,4425379.4247,-1.5621,-0.0009
456605.1330,4425379.2213,-1.5623,-0.0009
456605.1347,4425379.0179,-1.5625,-0.0009
456605.1363,4425378.8145,-1.5627,-0.0009
456605.1380,4425378.6111,-1.5628,-0.0008
456605.1396,4425378.4078,-1.5630,-0.0008
456605.1412,4425378.2044,-1.5631,-0.0008
456605.1427,4425378.0010,-1.5633,-0.0007
456605.1442,4425377.7976,-1.5634,-0.0007
456605.1457,4425377.5942,-1.5636,-0.0007
456605.1471,4425377.3908,-1.5637,-0.0006
456605.1486,4425377.1874,-1.5638,-0.0006
456605.1500,4425376.9840,-1.5640,-0.0006
456605.1514,4425376.7806,-1.5641,-0.0005
456605.1527,4425376.5772,-1.5642,-0.0005
456605.1540,4425376.3738,-1.5643,-0.0005
456605.1554,4425376.1704,-1.5644,-0.0004
456605.1567,4425375.9669,-1.5645,-0.0004
456605.1579,4425375.7635,-1.5646,-0.0004
456605.1592,4425375.5601,-1.5646,-0.0004
456605.1604,4425375.3567,-1.5647,-0.0003
456605.1617,4425375.1533,-1.5648,-0.0003
456605.1629,4425374.9499,-1.5648,-0.0003
456605.1641,4425374.7465,-1.5649,-0.0002
456605.1653,4425374.5431,-1.5649,-0.0002
456605.1665,4425374.3397,-1.5649,-0.0002
456605.1677,4425374.1363,-1.5650,-0.0001
456605.1689,4425373.9328,-1.5650,-0.0001
456605.1701,4425373.7294,-1.5650,-0.0001
456605.1712,4425373.5260,-1.5650,-0.0001
456605.1724,4425373.3226,-1.5650,-0.0000
456605.1736,4425373.1192,-1.5650,0.0000
456605.1747,4425372.9157,-1.5650,0.0000
456605.1759,4425372.7123,-1.5650,0.0001
456605.1771,4425372.5089,-1.5650,0.0001
456605.1783,4425372.3055,-1.5650,0.0001
456605.1794,4425372.1021,-1.5650,0.0001
456605.1806,4425371.8986,-1.5650,0.0001
456605.1818,4425371.6952,-1.5649,0.0002
456605.1831,4425371.5017,-1.5649,0.0001
456605.1837,4425371.4000,-1.5649,0.0002
456605.1843,4425371.3107,-1.5648,0.0001
456605.1855,4425371.1098,-1.5648,0.0001
456605.1867,4425370.9088,-1.5648,0.0001
456605.1879,4425370.7079,-1.5648,0.0001
456605.1891,4425370.5069,-1.5647,0.0001
456605.1904,4425370.3060,-1.5647,0.0001
456605.1916,4425370.1051,-1.5647,0.0001
456605.1928,4425369.9041,-1.5647,0.0001
456605.1940,4425369.7032,-1.5647,0.0001
456605.1953,4425369.5022,-1.5646,0.0001
456605.1965,4425369.3013,-1.5646,0.0001
456605.1978,4425369.1004,-1.5646,0.0001
456605.1990,4425368.8994,-1.5646,0.0001
456605.2003,4425368.6985,-1.5646,0.0001
456605.2015,4425368.4975,-1.5646,0.0001
456605.2028,4425368.2966,-1.5645,0.0001
456605.2040,4425368.0957,-1.5645,0.0001
456605.2053,4425367.8947,-1.5645,0.0001
456605.2066,4425367.6938,-1.5645,0.0001
456605.2078,4425367.4928,-1.5645,0.0001
456605.2091,4425367.2919,-1.5645,0.0001
456605.2104,4425367.0910,-1.5645,0.0001
456605.2116,4425366.8900,-1.5644,0.0001
456605.2129,4425366.6891,-1.5644,0.0001
456605.2142,4425366.4881,-1.5644,0.0001
456605.2155,4425366.2872,-1.5644,0.0001
456605.2168,4425366.0863,-1.5644,0.0000
456605.2181,4425365.8853,-1.5644,0.0000
456605.2193,4425365.6844,-1.5644,0.0000
456605.2206,4425365.4834,-1.5644,0.0000
456605.2219,4425365.2825,-1.5644,0.0000
456605.2232,4425365.0816,-1.5644,0.0000
456605.2245,4425364.8806,-1.5643,0.0000
456605.2258,4425364.6797,-1.5643,0.0000
456605.2271,4425364.4787,-1.5643,0.0000
456605.2284,4425364.2778,-1.5643,0.0000
456605.2297,4425364.0769,-1.5643,0.0000
456605.2310,4425363.8759,-1.5643,0.0000
456605.2323,4425363.6750,-1.5643,0.0000
456605.2336,4425363.4740,-1.5643,0.0000
456605.2349,4425363.2731,-1.5643,0.0000
456605.2362,4425363.0722,-1.5643,0.0000
456605.2375,4425362.8712,-1.5643,0.0000
456605.2388,4425362.6703,-1.5643,0.0000
456605.2401,4425362.4693,-1.5643,0.0000
456605.2414,4425362.2684,-1.5643,0.0000
456605.2427,4425362.0675,-1.5643,-0.0000
456605.2441,4425361.8665,-1.5643,-0.0000
456605.2454,4425361.6656,-1.5643,-0.0000
456605.2468,4425361.0503,-1.5666,-0.0013
456605.2475,4425360.9498,-1.5666,-0.0013
456605.2474,4425360.3466,-1.5697,-0.0029
456605.2476,4425360.0606,-1.5706,-0.0032
456605.2475,4425359.7780,-1.5715,-0.0035
456605.2472,4425359.4989,-1.5726,-0.0039
456605.2466,4425359.2232,-1.5737,-0.0043
456605.2456,4425358.9509,-1.5749,-0.0047
456605.2443,4425358.6821,-1.5763,-0.0052
456605.2427,4425358.4167,-1.5777,-0.0058
456605.2407,4425358.1548,-1.5793,-0.0064
456605.2382,4425357.8965,-1.5810,-0.0070
456605.2354,4425357.6416,-1.5829,-0.0077
456605.2321,4425357.3903,-1.5849,-0.0085
456605.2283,4425357.1425,-1.5871,-0.0093
456605.2241,4425356.8983,-1.5895,-0.0102
456605.2192,4425356.6577,-1.5921,-0.0112
456605.2139,4425356.4207,-1.5949,-0.0122
456605.2079,4425356.1873,-1.5979,-0.0134
456605.2013,4425355.9575,-1.6011,-0.0146
456605.1941,4425355.7314,-1.6045,-0.0160
456605.1862,4425355.5090,-1.6082,-0.0175
456605.1776,4425355.2903,-1.6122,-0.0190
456605.1682,4425355.0754,-1.6165,-0.0208
456605.1580,4425354.8641,-1.6211,-0.0227
456605.1471,4425354.6567,-1.6260,-0.0247
456605.1353,4425354.4530,-1.6313,-0.0269
456605.1226,4425354.2532,-1.6369,-0.0294
456605.1091,4425354.0571,-1.6429,-0.0320
456605.0946,4425353.8650,-1.6494,-0.0349
456605.0791,4425353.6767,-1.6563,-0.0380
456605.0626,4425353.4923,-1.6636,-0.0415
456605.0451,4425353.3118,-1.6715,-0.0452
456605.0266,4425353.1353,-1.6799,-0.0493
456605.0069,4425352.9628,-1.6888,-0.0539
456604.9861,4425352.7942,-1.6984,-0.0588
456604.9642,4425352.6296,-1.7086,-0.0643
456604.9410,4425352.4691,-1.7195,-0.0703
456604.9167,4425352.3126,-1.7311,-0.0769
456604.8910,4425352.1602,-1.7436,-0.0842
456604.8642,4425352.0119,-1.7569,-0.0923
456604.8360,4425351.8676,-1.7711,-0.1012
456604.8064,4425351.7276,-1.7863,-0.1111
456604.7755,4425351.5916,-1.8025,-0.1220
456604.7433,4425351.4598,-1.8199,-0.1341
456604.7096,4425351.3323,-1.8384,-0.1476
456604.6744,4425351.2089,-1.8583,-0.1625
456604.6378,4425351.0897,-1.8796,-0.1790
456604.5998,4425350.9748,-1.9023,-0.1973
456604.5602,4425350.8641,-1.9267,-0.2176
456604.5191,4425350.7577,-1.9527,-0.2399
456604.4764,4425350.6555,-1.9806,-0.2646
456604.4457,4425350.7070,-2.0833,-0.3671
456604.3407,4425350.6935,-2.2437,-0.4250
456604.2755,4425350.6152,-2.2864,-0.4130
456604.2064,4425350.5390,-2.3282,-0.3993
456604.1333,4425350.4648,-2.3690,-0.3841
456604.0563,4425350.3927,-2.4086,-0.3678
456603.9755,4425350.3227,-2.4471,-0.3508
456603.8907,4425350.2548,-2.4842,-0.3333
456603.8021,4425350.1889,-2.5201,-0.3155
456603.7096,4425350.1251,-2.5545,-0.2978
456603.6133,4425350.0633,-2.5876,-0.2803
456603.5131,4425350.0035,-2.6193,-0.2632
456603.4091,4425349.9457,-2.6496,-0.2466
456603.3012,4425349.8899,-2.6786,-0.2306
456603.1896,4425349.8362,-2.7062,-0.2153
456603.0742,4425349.7843,-2.7325,-0.2008
456602.9550,4425349.7344,-2.7576,-0.1869
456602.8320,4425349.6865,-2.7814,-0.1738
456602.7053,4425349.6404,-2.8039,-0.1614
456602.5749,4425349.5962,-2.8253,-0.1496
456602.4408,4425349.5538,-2.8456,-0.1386
456602.3030,4425349.5133,-2.8648,-0.1283
456602.1615,4425349.4745,-2.8829,-0.1187
456602.0163,4425349.4374,-2.9000,-0.1097
456601.8676,4425349.4020,-2.9161,-0.1013
456601.7152,4425349.3683,-2.9313,-0.0934
456601.5591,4425349.3362,-2.9456,-0.0862
456601.3996,4425349.3056,-2.9590,-0.0794
456601.2364,4425349.2766,-2.9717,-0.0731
456601.0697,4425349.2490,-2.9835,-0.0673
456600.8995,4425349.2228,-2.9946,-0.0618
456600.7257,4425349.1980,-3.0050,-0.0568
456600.5485,4425349.1746,-3.0147,-0.0521
456600.3678,4425349.1524,-3.0238,-0.0478
456600.1837,4425349.1314,-3.0323,-0.0438
456599.9961,4425349.1116,-3.0402,-0.0400
456599.8051,4425349.0929,-3.0476,-0.0366
456599.6107,4425349.0752,-3.0544,-0.0334
456599.4129,4425349.0586,-3.0607,-0.0304
456599.2118,4425349.0429,-3.0666,-0.0277
456599.0073,4425349.0281,-3.0720,-0.0252
456598.7995,4425349.0141,-3.0770,-0.0229
456598.5884,4425349.0010,-3.0816,-0.0208
456598.3740,4425348.9886,-3.0859,-0.0188
456598.1563,4425348.9768,-3.0898,-0.0170
456597.9353,4425348.9658,-3.0934,-0.0153
456597.7111,4425348.9553,-3.0966,-0.0138
456597.4837,4425348.9455,-3.0996,-0.0125
456597.2530,4425348.9361,-3.1023,-0.0112
456597.0191,4425348.9272,-3.1048,-0.0101
456596.7070,4425348.9129,-3.1089,-0.0150
456596.1296,4425348.8942,-3.1221,-0.0250
456595.8845,4425348.8902,-3.1285,-0.0274
456595.6433,4425348.8879,-3.1354,-0.0301
456595.4062,4425348.8873,3.1403,-0.0330
456595.1730,4425348.8885,3.1322,-0.0362
456594.9439,4425348.8916,3.1235,-0.0397
456594.7187,4425348.8967,3.1142,-0.0436
456594.4977,4425348.9039,3.1041,-0.0478
456594.2806,4425348.9132,3.0932,-0.0524
456594.0677,4425348.9248,3.0815,-0.0574
456593.8588,4425348.9386,3.0689,-0.0628
456593.6539,4425348.9549,3.0554,-0.0686
456593.4532,4425348.9737,3.0410,-0.0750
456593.2565,4425348.9951,3.0255,-0.0818
456593.0639,4425349.0191,3.0089,-0.0892
456592.8755,4425349.0460,2.9912,-0.0971
456592.6912,4425349.0757,2.9723,-0.1055
456592.5110,4425349.1083,2.9521,-0.1144
456592.3349,4425349.1440,2.9308,-0.1237
456592.1630,4425349.1828,2.9081,-0.1336
456591.9953,4425349.2248,2.8841,-0.1439
456591.8317,4425349.2701,2.8588,-0.1546
456591.6723,4425349.3187,2.8321,-0.1656
456591.5170,4425349.3707,2.8041,-0.1770
456591.3660,4425349.4262,2.7747,-0.1885
456591.2191,4425349.4852,2.7439,-0.2001
456591.0764,4425349.5478,2.7119,-0.2116
456590.9380,4425349.6141,2.6785,-0.2229
456590.8037,4425349.6840,2.6439,-0.2338
456590.6736,4425349.7577,2.6082,-0.2442
456590.5478,4425349.8352,2.5714,-0.2537
456590.4261,4425349.9164,2.5336,-0.2623
456590.3087,4425350.0016,2.4950,-0.2697
456590.1954,4425350.0906,2.4557,-0.2759
456590.0864,4425350.1835,2.4159,-0.2805
456589.9816,4425350.2803,2.3756,-0.2836
456589.8810,4425350.3810,2.3351,-0.2851
456589.7846,4425350.4857,2.2945,-0.2851
456589.6925,4425350.5944,2.2539,-0.2836
456589.6045,4425350.7071,2.2136,-0.2806
456589.5208,4425350.8237,2.1736,-0.2762
456589.4412,4425350.9443,2.1341,-0.2705
456589.3659,4425351.0689,2.0952,-0.2636
456589.2948,4425351.1974,2.0571,-0.2558
456589.2279,4425351.3300,2.0197,-0.2473
456589.1652,4425351.4665,1.9832,-0.2381
456589.1067,4425351.6071,1.9477,-0.2285
456589.0523,4425351.7516,1.9132,-0.2186
456589.0022,4425351.9001,1.8797,-0.2085
456589.0515,4425351.8700,1.8546,-0.1788
456589.0190,4425351.9859,1.8340,-0.1646
456588.9881,4425352.1051,1.8145,-0.1515
456588.9588,4425352.2278,1.7962,-0.1393
456588.9311,4425352.3539,1.7790,-0.1281
456588.9048,4425352.4834,1.7627,-0.1177
456588.8801,4425352.6163,1.7475,-0.1082
456588.8568,4425352.7525,1.7332,-0.0993
456588.8349,4425352.8921,1.7197,-0.0912
456588.8144,4425353.0350,1.7071,-0.0837
456588.7952,4425353.1812,1.6953,-0.0767
456588.7774,4425353.3307,1.6842,-0.0704
456588.7608,4425353.4836,1.6738,-0.0645
456588.7454,4425353.6397,1.6642,-0.0590
456588.7312,4425353.7990,1.6551,-0.0540
456588.7182,4425353.9617,1.6467,-0.0494
456588.7062,4425354.1275,1.6389,-0.0451
456588.6953,4425354.2966,1.6316,-0.0411
456588.6854,4425354.4688,1.6248,-0.0375
456588.6765,4425354.6443,1.6185,-0.0341
456588.6685,4425354.8229,1.6127,-0.0309
456588.6614,4425355.0046,1.6073,-0.0280
456588.6551,4425355.1895,1.6024,-0.0253
456588.6496,4425355.3775,1.5979,-0.0229
456588.6448,4425355.5686,1.5937,-0.0205
456588.6407,4425355.7627,1.5900,-0.0184
456588.6373,4425355.9599,1.5865,-0.0164
456588.6345,4425356.1602,1.5834,-0.0146
456588.6322,4425356.3635,1.5806,-0.0129
456588.6304,4425356.5698,1.5782,-0.0113
456588.6291,4425356.7790,1.5760,-0.0098
456588.6282,4425356.9913,1.5740,-0.0084
456588.6277,4425357.2065,1.5723,-0.0072
456588.6275,4425357.4246,1.5709,-0.0060
456588.6276,4425357.6457,1.5697,-0.0049
456588.6280,4425357.8697,1.5687,-0.0039
456588.6286,4425358.0966,1.5679,-0.0030
456588.6293,4425358.3263,1.5673,-0.0022
456588.6302,4425358.5590,1.5669,-0.0014
456588.6311,4425358.7944,1.5667,-0.0007
456588.6321,4425359.0327,1.5666,-0.0000
456588.6331,4425359.2738,1.5667,0.0006
456588.6341,4425359.5178,1.5669,0.0011
456588.6350,4425359.7645,1.5672,0.0016
456588.6359,4425360.0140,1.5676,0.0020
456588.6366,4425360.2662,1.5682,0.0024
456588.6372,4425360.5213,1.5689,0.0027
456588.6376,4425360.7790,1.5696,0.0030
456588.6362,4425360.7861,1.5706,0.0028
456588.6344,4425360.9671,1.5717,0.0022
456588.6342,4425361.1844,1.5722,0.0022
456588.6338,4425361.4017,1.5726,0.0021
456588.6334,4425361.6190,1.5731,0.0021
456588.6328,4425361.8363,1.5735,0.0021
456588.6322,4425362.0536,1.5740,0.0020
456588.6315,4425362.2709,1.5744,0.0020
456588.6306,4425362.4882,1.5748,0.0019
456588.6297,4425362.7055,1.5752,0.0019
456588.6287,4425362.9228,1.5756,0.0018
456588.6276,4425363.1401,1.5760,0.0018
456588.6264,4425363.3575,1.5764,0.0017
456588.6251,4425363.5748,1.5768,0.0017
456588.6238,4425363.7921,1.5772,0.0016
456588.6224,4425364.0095,1.5775,0.0016
456588.6209,4425364.2268,1.5778,0.0015
456588.6193,4425364.4441,1.5782,0.0015
456588.6177,4425364.6615,1.5785,0.0014
456588.6160,4425364.8788,1.5788,0.0013
456588.6142,4425365.0962,1.5791,0.0013
456588.6124,4425365.3135,1.5793,0.0012
456588.6105,4425365.5309,1.5796,0.0012
456588.6086,4425365.7482,1.5798,0.0011
456588.6066,4425365.9656,1.5801,0.0010
456588.6045,4425366.1830,1.5803,0.0010
456588.6024,4425366.4004,1.5805,0.0009
456588.6003,4425366.6177,1.5807,0.0009
456588.5981,4425366.8351,1.5809,0.0008
456588.5959,4425367.0525,1.5811,0.0007
456588.5937,4425367.2699,1.5812,0.0007
456588.5914,4425367.4873,1.5814,0.0006
456588.5891,4425367.7047,1.5815,0.0006
456588.5867,4425367.9221,1.5816,0.0005
456588.5844,4425368.1395,1.5817,0.0005
456588.5820,4425368.3569,1.5818,0.0004
456588.5796,4425368.5743,1.5819,0.0003
456588.5772,4425368.7917,1.5820,0.0003
456588.5747,4425369.0091,1.5820,0.0002
456588.5723,4425369.2265,1.5821,0.0002
456588.5699,4425369.4440,1.5821,0.0001
456588.5674,4425369.6614,1.5821,0.0001
456588.5649,4425369.8788,1.5821,0.0000
456588.5625,4425370.0962,1.5821,-0.0000
456588.5600,4425370.3137,1.5821,-0.0001
456588.5575,4425370.5311,1.5821,-0.0001
456588.5551,4425370.7486,1.5821,-0.0001
456588.5526,4425370.9660,1.5820,-0.0002
456588.5502,4425371.1835,1.5820,-0.0002
456588.5478,4425371.4009,1.5820,-0.0002
456588.5473,4425371.4578,1.5819,-0.0002
456588.5448,4425371.7061,1.5818,-0.0002
456588.5425,4425371.9106,1.5817,-0.0002
456588.5403,4425372.1151,1.5817,-0.0002
456588.5381,4425372.3195,1.5817,-0.0002
456588.5358,4425372.5240,1.5817,-0.0001
456588.5336,4425372.7285,1.5816,-0.0001
456588.5314,4425372.9330,1.5816,-0.0001
456588.5292,4425373.1374,1.5816,-0.0001
456588.5270,4425373.3419,1.5815,-0.0001
456588.5248,4425373.5464,1.5815,-0.0001
456588.5226,4425373.7509,1.5815,-0.0001
456588.5204,4425373.9554,1.5815,-0.0001
456588.5183,4425374.1598,1.5814,-0.0001
456588.5161,4425374.3643,1.5814,-0.0001
456588.5139,4425374.5688,1.5814,-0.0001
456588.5118,4425374.7733,1.5814,-0.0001
456588.5096,4425374.9777,1.5813,-0.0001
456588.5075,4425375.1822,1.5813,-0.0001
456588.5053,4425375.3867,1.5813,-0.0001
456588.5032,4425375.5912,1.5813,-0.0001
456588.5010,4425375.7956,1.5812,-0.0001
456588.4989,4425376.0001,1.5812,-0.0001
456588.4968,4425376.2046,1.5812,-0.0001
456588.4946,4425376.4091,1.5812,-0.0001
456588.4925,4425376.6135,1.5812,-0.0001
456588.4904,4425376.8180,1.5812,-0.0001
456588.4883,4425377.0225,1.5811,-0.0001
456588.4862,4425377.2270,1.5811,-0.0001
456588.4840,4425377.4314,1.5811,-0.0001
456588.4819,4425377.6359,1.5811,-0.0001
456588.4798,4425377.8404,1.5811,-0.0001
456588.4777,4425378.0449,1.5811,-0.0001
456588.4756,4425378.2494,1.5811,-0.0000
456588.4735,4425378.4538,1.5811,-0.0000
456588.4714,4425378.6583,1.5810,-0.0000
456588.4693,4425378.8628,1.5810,-0.0000
456588.4672,4425379.0673,1.5810,-0.0000
456588.4652,4425379.2717,1.5810,-0.0000
456588.4631,4425379.4762,1.5810,-0.0000
456588.4610,4425379.6807,1.5810,-0.0000
456588.4589,4425379.8852,1.5810,-0.0000
456588.4568,4425380.0896,1.5810,-0.0000
456588.4547,4425380.2941,1.5810,-0.0000
456588.4526,4425380.4986,1.5810,-0.0000
456588.4505,4425380.7031,1.5810,-0.0000
456588.4484,4425380.9076,1.5810,-0.0000
456588.4464,4425381.1120,1.5810,-0.0000
456588.4443,4425381.3165,1.5810,0.0000
456588.4422,4425381.5210,1.5810,0.0000
456588.4401,4425381.7255,1.5810,0.0000
456588.4380,4425381.9299,1.5810,0.0000
456588.4359,4425382.1344,1.5810,0.0000
456588.4338,4425382.3389,1.5810,0.0000
456588.4318,4425382.5434,1.5810,0.0000
456588.4297,4425382.7479,1.5810,0.0000
456588.4276,4425382.9523,1.5810,0.0000
456588.4255,4425383.1568,1.5810,0.0000
456588.4234,4425383.3613,1.5810,0.0000
456588.4213,4425383.5658,1.5810,0.0000
456588.4192,4425383.7702,1.5810,0.0000
456588.4171,4425383.9747,1.5810,0.0000
456588.4150,4425384.1792,1.5811,0.0000
456588.4129,4425384.3837,1.5811,0.0000
456588.4108,4425384.5881,1.5811,0.0000
456588.4087,4425384.7926,1.5811,0.0000
